<addon id="plugin.video.demostream" name="DemoStream" version="1.0.1" provider-name="Speed99">
    <requires>
        <import addon="xbmc.python" version="3.0.0" />
    </requires>
    <extension point="xbmc.python.pluginsource" library="default.py">
        <provides>video</provides>
    </extension>
    <extension point="xbmc.addon.metadata">
        <summary>Osobný WS player, ktorý využíva verejne dostupné informácie a spája ich</summary>
        <description lang="sk"> Komplexný KODI doplnok pre prehliadanie a prehrávanie filmov a
seriálov z osobnej databázy a služby Webshare. Na správne fungovanie je potrebné zadať prihlasovacie údaje do
databázy a WS. </description>
        <platform>all</platform>
        <assets>
            <icon>icon.png</icon>
        </assets>
    </extension>
</addon>